{
  "primary_model": "logit",
  "metrics": {
    "logit": {
      "accuracy": 0.639,
      "roc_auc": 0.6913659676367756
    },
    "rf": {
      "accuracy": 0.6247,
      "roc_auc": 0.6705866823438449
    }
  }
}